[
  { "method": "GET",  "path": "/",       "handler": "Controllers::Home#index"  },
  { "method": "GET",  "path": "/tree",   "handler": "Controllers::Item#tree"   },
  { "method": "GET",  "path": "/dir",    "handler": "Controllers::Item#dir"    },
  { "method": "GET",  "path": "/info",   "handler": "Controllers::Item#info"   },
  { "method": "POST", "path": "/create", "handler": "Controllers::Item#create" },
  { "method": "POST", "path": "/delete", "handler": "Controllers::Item#delete" },
  { "method": "POST", "path": "/update", "handler": "Controllers::Item#update" }
]