[
  { "method": "GET",  "path": "/",       "handler": "Controllers::Home#index"  },
  { "method": "GET",  "path": "/tree",   "handler": "Controllers::Item#tree"   , "params": {"folder": "Define folder"} },
  { "method": "GET",  "path": "/dir",    "handler": "Controllers::Item#dir"    , "params": {"folder": "Define folder"} },
  { "method": "GET",  "path": "/info",   "handler": "Controllers::Item#info"   , "params": {"item":   "Define item"  } },
  { "method": "POST", "path": "/create", "handler": "Controllers::Item#create" , "params": {"folder": "Define folder"} },
  { "method": "POST", "path": "/delete", "handler": "Controllers::Item#delete" , "params": {"folder": "Define folder"} },
  { "method": "POST", "path": "/update", "handler": "Controllers::Item#update" , "params": {"file":   "Define file"  } }
]